name,city,country,rating,price,price_amount,phone,email,website,url,source
Club Wyndham Ocean Boulevard,North Carolina,USA,9,,,+1 843-281-3300,,https://account.booking.com/auth/oauth2?client_id=vO1Kblk7xX9tUn2cpZLS&redirect_uri=https%3A%2F%2Fsecure.booking.com%2Flogin.html%3Fop%3Doauth_return&response_type=code&lang=en-us&aid=304142&bkng_action=hotel&prompt=signin&state=UvYETUyrk_KFqDoPynt4do-cFVcqmQmuHBp-ELG8zwlZFqfYDOvugyKv_ZndyhySpz-U71BV1UoZxkipSf8VEIAS1rrhHDK5PK4JDJn82SBGmvrOkS7_YXYbZQ7zeUUjhcC1BR_vL-udaJxtFWI4KIB7_BeMD-Exg2ssjoaW5JfbTUVeB5_xvf9PUetlX4bmGRtmX6a3eHQG_Gi6xv8F-3_Zw2NjkFhMIVrv82v6DshX6YGdUJcVkCjogQPYfwUqqWf2bV-zDLan7_jWoB0f_csLC6gvWcc1JoEw7ACoYUg4HXJuW5S2aEpwKT_5kF4tAVtvZbCtRqR2_9FYMduU3kIi1YXVota0tG7T2rQU7LOwo_4P6b2mFN1lnAnEHa-YHI2szEAOOunAxEzLIeIxEV1MFSDSg5M8MNj1aCE-EFlcWpLhzhUxkuhon8HPDXcerxM6n6smjk4nmb5f4ciyGFV6GAIhFRpzmgTu86fRg5x6_9K8HdTdbVzzGq3kOPuGkZvIsJ3pSn9sPbT-2gavyC_AnP_kfdBgJFisCqN1TPGm4gakSVGILPXUgQjt036sTzFFdVwuIGONCIbWhiufY8KnoHQvaLIpu2FWi8qWXOH2ChkBmaiG91eFYyd5DLRdat68SWdIaZAT1jiSkm6OC8xp621uSSsmWpgj_-AGSpTY6OBKxKdnuwmNoaj3vpfqASS8Sz0GHow_dwbrQEQgkaYAdE8Atzf395MNZO4to01zT9a2cCFyrd3a7Kjfgcj7EUsNFiYKdGGARQ0rKZ2JwB3yXtvs1tn50Ksirq98h02V4YmFJh9YEoAqA-ItEFxbYbrqdcbhX48-*eyJpZCI6InRyYXZlbGxlcl9oZWFkZXIifQ%3D%3D,https://www.booking.com/hotel/us/wyndham-ocean-boulevard.html?aid=304142&label=gen173nr-1FCAQoggJCGnNlYXJjaF9ub3J0aCBjYXJvbGluYSwgdXNhSDNYBGhsiAEBmAExuAEKyAEF2AEB6AEB-AEDiAIBqAIDuALH1efDBsACAdICJDcwYjhlOWMzLThiZjEtNGViYS05OGZiLTU2MDgwMTViYmJjZdgCBeACAQ&ucfs=1&arphpl=1&checkin=2025-07-18&checkout=2025-07-18&group_adults=2&req_adults=2&no_rooms=1&group_children=0&req_children=0&hpos=1&hapos=1&sr_order=popularity&srpvid=ab302e2373dc05df&srepoch=1752820425&from=searchresults,Booking.com
Avista Resort,North Carolina,USA,8.7,,,+1 877-916-6632,,https://account.booking.com/auth/oauth2?client_id=vO1Kblk7xX9tUn2cpZLS&redirect_uri=https%3A%2F%2Fsecure.booking.com%2Flogin.html%3Fop%3Doauth_return&response_type=code&lang=en-us&aid=304142&bkng_action=hotel&prompt=signin&state=UuwETUyrk_KFqDpE4mgl_VYziz36Ce0e3GXQGyR9iUaPbI5NMXZY1MYmj9fApesjixsIgOynYLFHGke0YxwRc_DOPG2ZsIqRQVBy8kiqx1ajtmLGLFvnTrX2qszn_Lg3ChjkysXP47tYJxmA-OBljOM94sqUgo3N1UoLfkJvpnFnyUEN3bw_YvEQsQw_kLjjSgNKj_aPf8xYABumSvA6xrngCWTqTY-fKOjBaWpszjtB2rTggXVSNX77otvAvOGOv38mzep7dFn7OEAaSqhk_MMq7o7SfkUeVAqs8kRHTW9Va0QJ85sqNDl1-4jevB4QJZ9cVJLmuNAOoHlpkFuq7QrARh4Xp77EzLqOFErjNXGSpACu3wUeQ3gUl_UTmOvPlfTAiPa-islK0HTGD_6sXESf-iHASbz3DIQiyPcNc5pPY-pBJv1CpfcVX7xGKQoJcMKPy8wKcf5zl7qAOqTayFWjphDxenpZFBW0SasFuC1wveTLIV0Qm07XtTclFaleqQCEzBCBF_4YC6F7KkPfzdhrqyUyts5unHWatzUfrB7YVLJNTTIaLrnbHpD0tW1JLZ3Rd-B0jMG-ItDW-t7yIzfvEWbMIjOKDhTaWs2u_8HQSFnb5NNmrsz3rMSVSMa9gnkAS1k1fmjWZcKnfzcRsdfsXPP8XnYSRoO95xpo6CBLpzXul8ZBF6sUWshtcdvS0yoYOYYP3u0xtvVk5xQKYtOl6E69RqCsIJeRmZOKx4ccb3d50gKXq4uBYUDemocGYPZXtbExs2UfLsVa9JyYE0MVW-3qVHQUJ0rptDcW6DAWduodIOXtYwVM49qRpSs%3D*eyJpZCI6InRyYXZlbGxlcl9oZWFkZXIifQ%3D%3D,https://www.booking.com/hotel/us/avista-resort.html?aid=304142&label=gen173nr-1FCAQoggJCGnNlYXJjaF9ub3J0aCBjYXJvbGluYSwgdXNhSDNYBGhsiAEBmAExuAEKyAEF2AEB6AEB-AEDiAIBqAIDuALH1efDBsACAdICJDcwYjhlOWMzLThiZjEtNGViYS05OGZiLTU2MDgwMTViYmJjZdgCBeACAQ&ucfs=1&arphpl=1&checkin=2025-07-18&checkout=2025-07-18&group_adults=2&req_adults=2&no_rooms=1&group_children=0&req_children=0&hpos=2&hapos=2&sr_order=popularity&srpvid=ab302e2373dc05df&srepoch=1752820425&from=searchresults,Booking.com
Club Wyndham Towers on the Grove,North Carolina,USA,8.9,,,+1 843-249-7575,,https://account.booking.com/auth/oauth2?client_id=vO1Kblk7xX9tUn2cpZLS&redirect_uri=https%3A%2F%2Fsecure.booking.com%2Flogin.html%3Fop%3Doauth_return&response_type=code&lang=en-us&aid=304142&bkng_action=hotel&prompt=signin&state=UpEFTUyrk_KFqDpKNVnN5-39GhzljovAvQjXU2Uc6m4TxlHd2LCeIDlLBpCLgUANUlFJmU-mwNpvwnMys4kA_wHkO8Cdpcs24B6Mbef1r22gfJ012WDZPWHVxYd_DXvQLevlB0HfJbKey5tJW2zp1tWR7kyB4VrHs9A9NGovurE6lxUaC77Ru87f6ei0cutm2I-b3okqHl_louaThRnECEFVEyXAB9u23HacnCFNOZWLUzeh0JW-IGGOC-_Fdvl375KxmKk5rBaRmueZuOn1-lFanccBT0QwQ6DRpQwUvDQ0ddYblO7EWegeyQek2KnsXLBSom8T88M1NLAX2FdivrkDfiiBmxF4romjhsr3Hi5XQUc8m0U34lZlUS2KkgAmUOtSHc2mZO0GNmeEqyIgHsBYf4AYLsXB6SxUKXtAlEs88w3wC8f7TwaeUTZ72e8nNXKtbCtjn4yCo-eDGPs4Hu_tcPWqK1V4Zb4LIWwOwrM1ySAVEFBbdXIcigVZsjVnWVfUKiWnhyDvXtJb71kdBQflFuatucbPHNS15Nv8PtozOviuXG4pjO-Jg-BCZIIQOkbmak2nhuuWo7-aUWvT6Osw-ZwLPLJS6qT235KKJoeX4JgKKc6cwNJ_JGSR7x3ZpGjmSCV9nCyCQEo6_mLV31a2kRNRxEBv0y4muudkLIV7O6gkRlSXfIaX9yGRSF2WX4vJLreV7VPCMnYCKbzU8RSSRzbjRQDeR-34v0IJFKEzs641v5ZcyQnTnUCJokDjxNLh2d5KvhkW6AA2mZe-pgaSJngFD_1oLs6CH8Z9ODJSDx7pJNDnGh14p7YhqgCn8CeM_fWVEsZOmxSe-aV0VQAyYYEMQBhuvCjOcwG_2Q4wdGYO*eyJpZCI6InRyYXZlbGxlcl9oZWFkZXIifQ%3D%3D,https://www.booking.com/hotel/us/towers-on-the-grove.html?aid=304142&label=gen173nr-1FCAQoggJCGnNlYXJjaF9ub3J0aCBjYXJvbGluYSwgdXNhSDNYBGhsiAEBmAExuAEKyAEF2AEB6AEB-AEDiAIBqAIDuALH1efDBsACAdICJDcwYjhlOWMzLThiZjEtNGViYS05OGZiLTU2MDgwMTViYmJjZdgCBeACAQ&ucfs=1&arphpl=1&checkin=2025-07-18&checkout=2025-07-18&group_adults=2&req_adults=2&no_rooms=1&group_children=0&req_children=0&hpos=3&hapos=3&sr_order=popularity&srpvid=ab302e2373dc05df&srepoch=1752820425&from_sustainable_property_sr=1&from=searchresults,Booking.com
Best Western Ocean Sands Beach Resort,North Carolina,USA,7.6,,,+1 843-272-6101,,https://account.booking.com/auth/oauth2?client_id=vO1Kblk7xX9tUn2cpZLS&redirect_uri=https%3A%2F%2Fsecure.booking.com%2Flogin.html%3Fop%3Doauth_return&response_type=code&lang=en-us&aid=304142&bkng_action=hotel&prompt=signin&state=UuoETUyrk_KFqDop68XwhOyOPnaS4DWn0af-EGhFJbx-KziE6C9mxEAnam115mZ6hWnJkl01VZmr0I1BZyysy3h5mTJxCI0ztoT4akei89qz0QJpb_Ds4iuVcZA47y6ByM_J3WhVJL5baTBuu7CX4y5ASWERUVXq_x6xabSmlq36YeljCvWPHtggSk6Yo4ZpLiSBL1__PfpnEV8TdmNMkbSjrRuCP1xcLN6C26kdUS7z7DLS1SNUu8r8oDdJL5W5RZNA0WYyk2y86HLlc-NaIgEJ5vMjjD6b77TJVRn67F3lUOs7dGURrBJCotdkGvzYQasjpkReCpgNJYbBbtAzk3ZjQrYhZ3v6KuhhbDu0nrrzoszEO22GrMqmnJGkRekyISxf4SYIs1Xkp5VmE1_pn7LGakvEZbpwBPDdmQVj4VXfVcMEbNcUxMpruj0jN2KK3Uc6sjeocG2YHK1FfBz91BJwP19RoNjfPzNP0TMI2unMCwzbymCl8fC-DFAnVkZrPBqLdOcDlZEJgUg43IBMMFHfdRJlLOEGDRcvyMuRqTE0olOhPRgSlMWOY3jE6oesEMyXo-VHen9VG-h36yPmGuCSfdm43huNLemRz3cuApyYP-8O4TyMjCObjXh7KnGv5UdwgoUquXLUVvXD4pyXKwCcwyttL5Hq2ECHH2myOAsvHD41B_ZOkTkLVoTDmfaAaEP4mMtOg1kfO_kJAUc3l5uGblNqTENOUITWu8bo7sy5ttL-v1O8hwqAS55WaEr_Nlz_evtZKK_SWBKZbnbUwRa7vPYHErPPXtSoKYyVDlaz74gFL0Xiqq5Ojmjg*eyJpZCI6InRyYXZlbGxlcl9oZWFkZXIifQ%3D%3D,https://www.booking.com/hotel/us/best-wstern.html?aid=304142&label=gen173nr-1FCAQoggJCGnNlYXJjaF9ub3J0aCBjYXJvbGluYSwgdXNhSDNYBGhsiAEBmAExuAEKyAEF2AEB6AEB-AEDiAIBqAIDuALH1efDBsACAdICJDcwYjhlOWMzLThiZjEtNGViYS05OGZiLTU2MDgwMTViYmJjZdgCBeACAQ&ucfs=1&arphpl=1&checkin=2025-07-18&checkout=2025-07-18&group_adults=2&req_adults=2&no_rooms=1&group_children=0&req_children=0&hpos=4&hapos=4&sr_order=popularity&srpvid=ab302e2373dc05df&srepoch=1752820425&from=searchresults,Booking.com
Prince Resort,North Carolina,USA,8.6,,,,,https://account.booking.com/auth/oauth2?client_id=vO1Kblk7xX9tUn2cpZLS&redirect_uri=https%3A%2F%2Fsecure.booking.com%2Flogin.html%3Fop%3Doauth_return&response_type=code&lang=en-us&aid=304142&bkng_action=hotel&prompt=signin&state=UuwETUyrk_KFqDqvug6mhm5O5plp2ViSKo4M-XSp9jEgIRm37NnlGhTpvXfOkHxWOMHR8Yp21SJd9LpzYJKcvfYxc7Vl3KN_yb6OuqAVF9XsiUK3FZUDvdYplIbEytBzS8FmvvG3ix4WZqS1J9OES_D93k67RmoSsA6poJvGRzWh4HUWDzLiNy3IlcrMOV6d3xodN1nen1DvW3a_P0oPv4JK0CkzuqegtR5-fxKLi6PRl8DqAQin-0JOHSBmLaR9lpLOTh4zEL0Vf9ZqR8SkbIfjs1kWFJof59IMZ_Pm6ylpCeTpPTSF0Futsknb9P1dEVW1uXm7AtW1nQJnb0NHudXRl_5pkYNfPifo2CU2os04UzdHOn3AXLaG9Y0mq5t1YqzsZSJtQjju9aaq5pYWokiHSJh6ugFMg0Jrx-KjQJ1EZHSzo7E4V1XC2ISxP3beF79reG_OF7pLHwBu2hXdDpcHckfyk2sOIxV1lh2juE9zu2960YyNRTd07JwCwBvty3CVroM1uzexrlkf_K5N9WgLqJ_rrSp56Idz734PUIu8kQ4eNon01zCYAfFdz1pqU7IU27sVXauJ64d8GpcfeXh9R8vcIMvIjbfw3Zc0HRNP0_gpqTEWN25apR5hYJvc-z4fgHjPnXk4pfX9RPiPBASG_666ABh5W1rPf84hqTLtya_1FI2-4sP2ODjlz1ZCq0N1wOJvdOf3OyqBa7TwCTbIVtzel61bE_9GPkqgRGVg4UCQO_WXV1hSJZE7x47n4IB78l5Z1z6-rmatlrxLcQdgBiHUrvqWuKV5fnl94cDuIe7LHaFhUaqoIbDh-aQ%3D*eyJpZCI6InRyYXZlbGxlcl9oZWFkZXIifQ%3D%3D,https://www.booking.com/hotel/us/prince-resort.html?aid=304142&label=gen173nr-1FCAQoggJCGnNlYXJjaF9ub3J0aCBjYXJvbGluYSwgdXNhSDNYBGhsiAEBmAExuAEKyAEF2AEB6AEB-AEDiAIBqAIDuALH1efDBsACAdICJDcwYjhlOWMzLThiZjEtNGViYS05OGZiLTU2MDgwMTViYmJjZdgCBeACAQ&ucfs=1&arphpl=1&checkin=2025-07-18&checkout=2025-07-18&group_adults=2&req_adults=2&no_rooms=1&group_children=0&req_children=0&hpos=5&hapos=5&sr_order=popularity&srpvid=ab302e2373dc05df&srepoch=1752820425&from=searchresults,Booking.com
Ocean Club Resort Myrtle Beach a Ramada by Wyndham,North Carolina,USA,7.1,,,+1 843-249-1421,,https://account.booking.com/auth/oauth2?client_id=vO1Kblk7xX9tUn2cpZLS&redirect_uri=https%3A%2F%2Fsecure.booking.com%2Flogin.html%3Fop%3Doauth_return&response_type=code&lang=en-us&aid=304142&bkng_action=hotel&prompt=signin&state=UvQETUyrk_KFqDr_NZ_h_QijK9LpxFnfQD3Mflw2UDOCRB49OTps6ueAAmWGmY6lB5CUCK257pOBfoXULXCJutVdFv6QP85lFU-NDVZYal3uvppScepbhm7y2JzgOpNVMpoerd3l85N0P1Li6suyIlHnxwyRdEUdkmPzDfCyFITt-SU16nkomMmG27rs-qI1Vsi9keNe1wHyGZ9LcQ_ONZmxAvha8C64jsXN180GQJBRYxiCeysBP366hlryMenBaEIZ3ii2-fKrhLcpPpeLHPqPSCz6X0MtAlCEnoXlO4QBxz9YZ6ocGIs6W5d33t76XmkRZdopTnXaIsiU-tTiEhEw8edMJRkFmLr6bgQ2SmyrnsRldh9nLbM4wqgMM5A2EhYEy2An00jT43DRtTLrZdoCswg93nNDZYb7vUY5X_59SlJMmiGtku-B8UYtFAhYu211u3mzMKhJqNVEVG4Qge3Gr1BpOaPY290Nr4TjzZy2v1NHNmaUIULDZUTTqUz_c17fa1TKBXHcC-RN48DBqfTr7swZGxbB_wnMeQeBSB_0DT4vjz0tdg1MyKYQ7djLgNohLevhqC_YSbuqQL6EkolUImEMqma49R6VnLqe38EygWt7dhthPHDYjy0Xg2XxYpvWATUiO0vI-pqFyV37-b3RvyQ67p0A4iEST3zHgSfpHjyYESKhWgHhLs9ncSTPL_1a72cH06dGSR3sivhfA6w7rYCZdTYu97iKLRBj31VCbRYsMTjDhspmzQhd9s_1SOazc7CuQL1YTufwxrcQ-Goy_ZMw9ODfl10YU4aVeX5a8PYAVhpuYFGGKBZYXfvybVptaAOLYw%3D%3D*eyJpZCI6InRyYXZlbGxlcl9oZWFkZXIifQ%3D%3D,https://www.booking.com/hotel/us/peppertree-ocean-club.html?aid=304142&label=gen173nr-1FCAQoggJCGnNlYXJjaF9ub3J0aCBjYXJvbGluYSwgdXNhSDNYBGhsiAEBmAExuAEKyAEF2AEB6AEB-AEDiAIBqAIDuALH1efDBsACAdICJDcwYjhlOWMzLThiZjEtNGViYS05OGZiLTU2MDgwMTViYmJjZdgCBeACAQ&ucfs=1&arphpl=1&checkin=2025-07-18&checkout=2025-07-18&group_adults=2&req_adults=2&no_rooms=1&group_children=0&req_children=0&hpos=6&hapos=6&sr_order=popularity&srpvid=ab302e2373dc05df&srepoch=1752820425&from=searchresults,Booking.com
Quality Inn & Suites,North Carolina,USA,8,,,261 243 4127,,https://account.booking.com/auth/oauth2?client_id=vO1Kblk7xX9tUn2cpZLS&redirect_uri=https%3A%2F%2Fsecure.booking.com%2Flogin.html%3Fop%3Doauth_return&response_type=code&lang=en-us&aid=304142&bkng_action=hotel&prompt=signin&state=UoIFTUyrk_KFqDryIMLD7qv8-yyZ1WTeO6bjbizYf87hHgh1e3qXLpx65fkzS4zyOIiossWVWg4IjKoW1ixAusfBkX36vClmn6ewlnz88wIVSWdfNKXXwjUUVvzg_5rIADniWR6FJYOMMOwsOIOfs_6zOHbA1kyXiB4P22b15pQt25yvkG_jJ40oYdv9nVYnU9FhQHyvE3PbW1bOJYKaRYfnMSVwCC1CHOcR-Nkn-H8zQAqpZSp9i57olYDgritgZXAhnKFH5qZ2TQl1m1KSS5Q03j9Ff39Y-s1unaYd3KCA3kQfXgsY_Dr5CAx5rH-SAbeaB-2r6Cu3ebBZZCr0p_Vsn-Q0xKLIiZSHbeQUnRIc2nCfcN14PM1PFbnj74y88IHV5onvMg1Tp_CaxgIqWf-oJyoxjyaOXGVYZpR2xb064YGhtMTsqoXxfgvFDyHtmyN5GhhIJU98yMIUKFvaRfhnbsI8P_1LoSbp26rpBXraNxpgCPOO4Okt3kbAMZbmppkd4fsGF2RZKFjWAGMWmXbvqRx2Nbt10TzVIb-x_dB_ea0J-nD74be3_nAhCjOMyjpCItT956iQEbXBsxGkQgiY6VtVReDswX1wF_cjNq6_m6W3G8lHtPeGcMF6tOY_3pofCbVNSAg47Rf-GYXHY9gC9p8D03Si4CcEJ-O1a4o1sOguitNqDrM2Dz5DxTGSa61hK03E2IRqGcgCcOkj6p_G1to9Gg46CwapYnp1nU6Shtbqd8M3IuqG_WXp55LUeMo1XmAYu02uCH9TBYq3IHuPm4itaaSP-sbOeLuV2n-tK-v0aIT9a6kUprQoGZZHuZo-XPT4gLtRb6hBhs5i5QbMSYuk*eyJpZCI6InRyYXZlbGxlcl9oZWFkZXIifQ%3D%3D,https://www.booking.com/hotel/us/hotel-highway-17-north-myrtle-beach.html?aid=304142&label=gen173nr-1FCAQoggJCGnNlYXJjaF9ub3J0aCBjYXJvbGluYSwgdXNhSDNYBGhsiAEBmAExuAEKyAEF2AEB6AEB-AEDiAIBqAIDuALH1efDBsACAdICJDcwYjhlOWMzLThiZjEtNGViYS05OGZiLTU2MDgwMTViYmJjZdgCBeACAQ&ucfs=1&arphpl=1&checkin=2025-07-18&checkout=2025-07-18&group_adults=2&req_adults=2&no_rooms=1&group_children=0&req_children=0&hpos=7&hapos=7&sr_order=popularity&srpvid=ab302e2373dc05df&srepoch=1752820425&from=searchresults,Booking.com
Bahama Sands Condos,North Carolina,USA,8.7,,,+1 843-417-1700,,https://account.booking.com/auth/oauth2?client_id=vO1Kblk7xX9tUn2cpZLS&redirect_uri=https%3A%2F%2Fsecure.booking.com%2Flogin.html%3Fop%3Doauth_return&response_type=code&lang=en-us&aid=304142&bkng_action=hotel&prompt=signin&state=UpYFTUyrk_KFqDrVELQbwiVoCMtXFPMhvVE30Oa4LvkVd_z6Ninjmt1e4nzWoLvOBN8ij_1bCN9GBtMoLf5JIkrff327VoZmWk7mjWsd5GmOjQ0qk02MpsiMg5L44396JHfgzBmqYJ2N6Z7Jwt8v6QZtluANMS_SDLSdFQORXvX7WdNDc_sNz1rzk_wq2yL_4FbOHx_6xiM_ZF9KjveDrBuwWAisLX03qJyhSl8bKtxrxhcxj2ID7Lico6DI_LmIABGyMKFtVdouyXCSFLcmdTLV9LrAPRRPvyI80_AhPPoLTOzkGnoyH7Klyt0oqFhSMBt6PO-sMPqAMuSM-d1obTgwVUgy3U6amNkIu063wxeGPD0lnCBwOAsOTcxhimivEDj7wVMCFO6HdqdFll1S33jBoXl9evZAOhrKboFHi_vVMitpncLdNlNtc9DRtDdGe0Wec0hzG4RpceP3RKponuSR1_H6zplh_xd0H5c992A2v38K10E_657sadH5lkPox-FG3ofvs8m8Ehg1yBU4--QhAFYafaHyLIK24iXPzhG5hNkKnYGZ4ljECJl_4W4wqxVYuji2fmvt8n4_HuRZVBuin4EPSge6lsN3a6a6GlsXShra-hrdXxLh72Vgw-nVqsFYWY-X5WTW_di6l0N2DkV7GpnmdQ6P-mMDVos9C2xG5hJj9Wtt2Ib4JkSCKec4QKpn4JCm0iZnFdKhQocz441vtKZ7bf-5viU48-RQ6YB3UbwE48QJoYKOwm1H0Hdjf3ruMk3LDTULrrukJ1_yp7e_0sw3L8bS4D2K6kukGOQagOGbxXFD7uM2XeQjTWxyWKZKfETg4SlYFIsD_UdKuZSbIqDTsML633GeV_RLTQr7ou5t9YeNOjk%3D*eyJpZCI6InRyYXZlbGxlcl9oZWFkZXIifQ%3D%3D,https://www.booking.com/hotel/us/a-breeze-ocean-resort-north-myrtle-beach-south-carolina.html?aid=304142&label=gen173nr-1FCAQoggJCGnNlYXJjaF9ub3J0aCBjYXJvbGluYSwgdXNhSDNYBGhsiAEBmAExuAEKyAEF2AEB6AEB-AEDiAIBqAIDuALH1efDBsACAdICJDcwYjhlOWMzLThiZjEtNGViYS05OGZiLTU2MDgwMTViYmJjZdgCBeACAQ&ucfs=1&arphpl=1&checkin=2025-07-18&checkout=2025-07-18&group_adults=2&req_adults=2&no_rooms=1&group_children=0&req_children=0&hpos=8&hapos=8&sr_order=popularity&srpvid=ab302e2373dc05df&srepoch=1752820425&from=searchresults,Booking.com
North Beach Resort & Villas,North Carolina,USA,8.8,,,+1 877-397-3771,,https://account.booking.com/auth/oauth2?client_id=vO1Kblk7xX9tUn2cpZLS&redirect_uri=https%3A%2F%2Fsecure.booking.com%2Flogin.html%3Fop%3Doauth_return&response_type=code&lang=en-us&aid=304142&bkng_action=hotel&prompt=signin&state=UvUETUyrk_KFqDoHHPK97WJQ-T4nzQ4xBmeuWJ0BnYW5nZuim_lRj7tSMjRkQb_2P4nYp0bwnafHA7eZTyippPFo69B-3i0vq4iicJxEZFUSacC-tPmOVTD0WQouzSFvNjlLKrl_ezCHSiVoO4tGFVzKVufHH4tJ3k2XlxCI30KI4EtTnwvdbKHmAwQz873qh31iwg-pDp4HnX6tCTrP_0L0G7qBGWbNNn9JYMmsSClSJjGVFN6el4X7ZsQgJxtQnyRm2-TPpQAtw1l57wU_4ZCPfO4Ob0OykmV3rO4BEj5eI6JHnWYW44oYNUfGCrrwuZ90IkWD6GpmJMWm1lwGlqQ_5MagxXukPmGg-Fzj-UrMiHKcolrOmHspwB6aJPTAsFbqmcutsoTcaf82kWBcu_aaZnuWgSbxP_TjcB3JTMWifs-VX3YFasl9wy4xxOZFFtgogs8gvrnMdAlfvRPi_kyoFAhtl7Ru-UCCQJWkbPfK12spXVjoQbsZoKZbjJM2-RI0AVo4qdlVbCKKCfk7Y4J_5InPDe-25LkGaGXCnBHn4Th13KOX56D04qR6Jg0VXwsL72cAjefrCvu-6j2Vhi7OCN7JDLak0G0Ck2myi9p3cJ8VF_s0NDSSlEBnscdEAluPQHFE1ip1pC4gIEfMrPF0s0h5dtt7zmWmaR9eLqiZ02j1no_aSb2-_bsEmKXnJ8yh6s-4rUoCbRNmeWgl-_ejKBmQk5rnL7RmHEXqPTvWbRs6O0owLlzMKFs-2Yg-Gk14h8jutFbhveBPQ4Mme571h0rCx7L27_rDmHq37n-yXMXbG2kxxbtB1v70y4P6baycEV40Z7M%3D*eyJpZCI6InRyYXZlbGxlcl9oZWFkZXIifQ%3D%3D,https://www.booking.com/hotel/us/north-beach-plantation.html?aid=304142&label=gen173nr-1FCAQoggJCGnNlYXJjaF9ub3J0aCBjYXJvbGluYSwgdXNhSDNYBGhsiAEBmAExuAEKyAEF2AEB6AEB-AEDiAIBqAIDuALH1efDBsACAdICJDcwYjhlOWMzLThiZjEtNGViYS05OGZiLTU2MDgwMTViYmJjZdgCBeACAQ&ucfs=1&arphpl=1&checkin=2025-07-18&checkout=2025-07-18&group_adults=2&req_adults=2&no_rooms=1&group_children=0&req_children=0&hpos=9&hapos=9&sr_order=popularity&srpvid=ab302e2373dc05df&srepoch=1752820425&from=searchresults,Booking.com
"BEAUTIFUL BEACHFRONT-Oceanfront First Floor 2BR 2BA Condo in Cherry Grove, North Myrtle Beach! RENOVATED with a Fully Equipped Kitchen, 3 Separate Beds, Pool, Private Patio & Steps to the Sand!",North Carolina,USA,9.1,,,,,https://account.booking.com/auth/oauth2?client_id=vO1Kblk7xX9tUn2cpZLS&redirect_uri=https%3A%2F%2Fsecure.booking.com%2Flogin.html%3Fop%3Doauth_return&response_type=code&lang=en-us&aid=304142&bkng_action=hotel&prompt=signin&state=UpUFTUyrk_KFqDqCVOkfva0emDcSrb8u8ST_AzMYr1QlZAZfd7Ge7KJfQsDh5I1NwZpdNHTqX3H6tnfPA5DfBCNnsxoSz9T0po2TNvuvTHHcTR0rGpo1UmKJTYVMoVttVvT3ehfFZNr_dV9dKVQhDpMAh7ExOROQMf8UiYwy01LO1Jn_pnOZFvtryEV2M64SppVzdgIguIauH5qjCuj9CNE0CNg7zJkhI6ETHmOf9n2aYhm-zxPNpX1Vf89qMHdToFEXjbLk7DCGCrwByfNE0sdvS_FHEEipQXsl2AykVjfCQpmvAr6by3y-6HTpGFILhhVjKDjhLiyb4VXh-ZT2MDEuhGddYPSOJuwxopvIK0_8mmBr2aMLPI7yNvrm6hEf1nW3bJZu0Slmi4bpjPWY-93jvlezg2hJ9HvfXUesGVLYcvfTxCn9CtBRpCTij5EWtmRe19QdrJWb_MKk0n9P9pGPuHZ1M14uqPOWh9nt1QYjFGBuzhLJUHCGDcX99X69WfXLwVt8XM0zNYFBq4L5LeSMzn6uxVEcQO80JnHE2WDfs0dkvZ1JnPVJ9kl7Xs9y9JbhiRP7xbSz6RrQYZOSRaKf5KqnhiApkcRWgA0Im_55WEfZgac1FQl6_ln2pXPYCWMFRc7ZsHAf4aswzuboZr8qHLCtEVPb5HkqyygcOAft2JqdCFP_Qw445B8HQ4_6wJo5Fbm1Th9SXQjzWFv-dkms6QRopv99cx7p1HapRl8QUrmK9Zo2jFLNyGbHoYtmSbjMfUQx7s7EkiHDCOkmAJ1On-5IyYVqdVhajA0kbb-iJWmMHnDLCu0eDxycS9qXURkzbXRpoiOvSb7LZ7FpIIIQD9iQKUMqmgr-vGpZ6tBQewO-1VupMA%3D%3D*eyJpZCI6InRyYXZlbGxlcl9oZWFkZXIifQ%3D%3D,https://www.booking.com/hotel/us/beachfront-first-floor-2br-2ba-condo-in-cherry-grove.html?aid=304142&label=gen173nr-1FCAQoggJCGnNlYXJjaF9ub3J0aCBjYXJvbGluYSwgdXNhSDNYBGhsiAEBmAExuAEKyAEF2AEB6AEB-AEDiAIBqAIDuALH1efDBsACAdICJDcwYjhlOWMzLThiZjEtNGViYS05OGZiLTU2MDgwMTViYmJjZdgCBeACAQ&ucfs=1&arphpl=1&checkin=2025-07-18&checkout=2025-07-18&group_adults=2&req_adults=2&no_rooms=1&group_children=0&req_children=0&hpos=10&hapos=10&sr_order=popularity&srpvid=ab302e2373dc05df&srepoch=1752820425&from=searchresults,Booking.com
Bay Watch Resort,North Carolina,USA,8.2,,,,,https://account.booking.com/auth/oauth2?client_id=vO1Kblk7xX9tUn2cpZLS&redirect_uri=https%3A%2F%2Fsecure.booking.com%2Flogin.html%3Fop%3Doauth_return&response_type=code&lang=en-us&aid=304142&bkng_action=hotel&prompt=signin&state=Up0FTUyrk_KFqDrxrLEXDYvi5oHIuKPTdl6h0CNH1aJtK4ZcqCC3xLFuDXouvA6h1BAR_dbKb76oqz6Y8HM6TDOEiCAHpQ9LSQToqNLa_a47cmWKfW5WQ9xFnXrlVI6wULDHOForkHaVPanRGwumHrwXtpnGgB2-S-lnehpgQI-5iIAv1NaX9EbbpEdjhwsn0ucpcUR8ww9y3OSTKyv139F19TBKRodMfWdyTlwbWE_m5alv7rljMeyi6aWPqRlSEb1eBSXRPcXSd08ceOZ5u-SdMZEaaqb3hUA3j12ji1nvjBtrt2mC35nJu5bFO6Whh0Rom1mi4-uNL6ddrP_9FytgMW9q8dfKK2HD1VYMvxQK2mJVvtxII8Nn7TMKDtZb6SUz23rFAexi2BAY195yLg6egQaOncMcbIirqcEwO0kHdsoBTFVgEZjVQr3EiV1sGHk-oqvMk9x_UAH8Lb_krkX9ag_deH3g8nIfTTm2ILFBKnqHoyw494VkFJu9fpjn_p_lPitICHgUIUmDI7TPYWkdX14zOQ4jEZUl54gIGMA2c35Y0HZjIPgSjfBqb6XNMAzpzDUssCMO-hvUureyZPeHJFGvEj0Bq_tmiy7n4tfgtBn-__ZMFI3f0T83FPkERDN-q_3_zpxD2pjlRxM0cbx-dUPgHEmRzstmiSgJiExuWIlBsq5rDUL1hM_nDuPACXMfPKhFMzh-rILblFyk3ZmEvBUNv5afcMJZLGxMdyeOAHM_m8cWsawAtPggzWwm-rqlHMznCfDTnFxQCouOemdzGX41anUt0o-ndUNP7MOn8O9SbI-hcKkXVz90-XUKzWijDUak9cbzrcEIOh_ALJydcNwNx-Hy3RzCGNgtu6QKe2ZM8nx_gfTTt_-STFeW*eyJpZCI6InRyYXZlbGxlcl9oZWFkZXIifQ%3D%3D,https://www.booking.com/hotel/us/b-w-resort-and-conference-center-myrtle-beach-south-carolina.html?aid=304142&label=gen173nr-1FCAQoggJCGnNlYXJjaF9ub3J0aCBjYXJvbGluYSwgdXNhSDNYBGhsiAEBmAExuAEKyAEF2AEB6AEB-AEDiAIBqAIDuALH1efDBsACAdICJDcwYjhlOWMzLThiZjEtNGViYS05OGZiLTU2MDgwMTViYmJjZdgCBeACAQ&ucfs=1&arphpl=1&checkin=2025-07-18&checkout=2025-07-18&group_adults=2&req_adults=2&no_rooms=1&group_children=0&req_children=0&hpos=11&hapos=11&sr_order=popularity&srpvid=ab302e2373dc05df&srepoch=1752820425&from=searchresults,Booking.com
Seaside Resort,North Carolina,USA,9.1,,,,,https://account.booking.com/auth/oauth2?client_id=vO1Kblk7xX9tUn2cpZLS&redirect_uri=https%3A%2F%2Fsecure.booking.com%2Flogin.html%3Fop%3Doauth_return&response_type=code&lang=en-us&aid=304142&bkng_action=hotel&prompt=signin&state=Uu8ETUyrk_KFqDoQtLQjlK9siXEifHr2x6gug14h_xum26PnU3se4cZ9bkAb7ZgC0yET8T5sVM4BeyL94J9OK8lojACD0-FAxn3sxluYUZPzl6yXKtf9YrH7XxhXNxvXrP1IsZibi25SjO0ua66H_CcwGamTOWnJRbvaEkLh0AcTUWHjiWmBsEgUi3vIuM-rzIGaEr2msfUPO3BykWaWOx_aZG-F-x9zZOXByns-QMUX6SZKUZcrZDkf5Tvzr3GBki0RdvYPSfK4zuy0PToLaHR_xPKYQHqHsZfXULhS46QC-rL8VzFuWf-Sh116ZbKdH0NHxe-vn6xaGE4y0xZYz5hc180KUgDRW562jWL4DzTqyZIQAmuxiIYerOYiQ_2E1qRs83p4VadQZEk3aABrSw1TGLQE0CoSS7b_MiQP0QLg3ezoC3LrqHlp1ZNrWMG62ihumQWdDaJBXMr0pMKDXKpiSsAPeqj3ThijCgmjBTlYXFsg6nSa35GDog8o31jVN-dnirhqWi3QeVi7chZIf0KXtm8_Z-gmIdi82HU1_U6C-W51TNOA0y5XljA9x4Jvw5wZWuSfFo6qACqYN1733GqgcGoaRmW__iK4hm8zGPT8gY7t_WD6-s8a-2MX5pRzbD2wKFqwOLeokeNJb8fvwCcqacC8oKkkxN1TSV7nINSqxcaMru10HGTHEJ7FpPBQnW8Zdiw17WKFsdgpJe5x410B1OhmSSKRbh6VEZuGzG0pPfJJ4EVZ-SWQ9nQo_-668R1mBidRz3LArtwaw4WZ_VsGKOHNFLyrUa4pmz4tJvwsW2Nehec0InjcfYQ45bU41Kc%3D*eyJpZCI6InRyYXZlbGxlcl9oZWFkZXIifQ%3D%3D,https://www.booking.com/hotel/us/seaside-resort.html?aid=304142&label=gen173nr-1FCAQoggJCGnNlYXJjaF9ub3J0aCBjYXJvbGluYSwgdXNhSDNYBGhsiAEBmAExuAEKyAEF2AEB6AEB-AEDiAIBqAIDuALH1efDBsACAdICJDcwYjhlOWMzLThiZjEtNGViYS05OGZiLTU2MDgwMTViYmJjZdgCBeACAQ&ucfs=1&arphpl=1&checkin=2025-07-18&checkout=2025-07-18&group_adults=2&req_adults=2&no_rooms=1&group_children=0&req_children=0&hpos=12&hapos=12&sr_order=popularity&srpvid=ab302e2373dc05df&srepoch=1752820425&from=searchresults,Booking.com
Crescent Beauty,North Carolina,USA,9.1,,,+1 917-832-7319,,https://account.booking.com/auth/oauth2?client_id=vO1Kblk7xX9tUn2cpZLS&redirect_uri=https%3A%2F%2Fsecure.booking.com%2Flogin.html%3Fop%3Doauth_return&response_type=code&lang=en-us&aid=304142&bkng_action=hotel&prompt=signin&state=UoIFTUyrk_KFqDqUUvu5jK4XY6eX05vIO9Kwu3PWMwC7ZdEcOhWWlsMRJx-6kgwl2TEPZyQ5em7AZmc-DNqL6aMtGb4azpFfqNwFe91sxpuHoBS3kjyBv2iJN6L8vqRHJEGHMl0nhY6IjN5svPdhVahpINx-13uVdLmPqeD_gghUfW_pEfxHYDL6oGy8uZYJHhu0-pOuCiBEPz6ay2EuWZFqZZm4NoEZ5lynrlKb8bsm3EsA_kKQyq1PAkJGCmcRVt65p6qPDEtmJi3RHye-M-KJCEfKvX5usLO-R0KNm41oVXjfNEt0aEAdSWSZ3uPPOpz_m61Vkr0bYTQvrUs4pPwTpr80cDDuJSrc6cJweYCjjkDpG2hV-eM-QgtUGkJSiY5RvGvuxNWuWDCK0thWCLSum1zQWOpmcEPcbHOC4G1D-sAl06LCUcjOYGwJYZ-P-twR9vYYo0prNjHzH7hhUd6GpPRlZl-xWswS232aeUXWSRlMYAV7wQcWBArPReptYZ3YmhfT_vYcOnpPY81J2CRcKNUoCtxlg0tEeMwVQ9wCzHexEAAvYicW7LhJd5UhgknBsbAwUj3gUvgDkMEMTO5OwDT-BtEHgfpQsObsiwqQcwIHMAADKaf7LwmHZ4JjtFw6qQ_wuZTzunyGGmOQBJdDhRh402SfzBLaxXQSQ2GCA5XY8yPvAKHAIJDIQmIFjmkgC4WnCzbuQyT4OpeASs98nf-l44vyPNUs1U8em_2_7_6l8BnxM8BMV7MaTiN-reh4bbXH_s7dUElex6CcK0NQCc5tm2rpWkZlMsNKiS4LClUUgowuHsD1pKP02yNyC0l_6-7aMovwZC54F6_81FkQyn5g*eyJpZCI6InRyYXZlbGxlcl9oZWFkZXIifQ%3D%3D,https://www.booking.com/hotel/us/crescent-keyes-north-myrtle-beach.html?aid=304142&label=gen173nr-1FCAQoggJCGnNlYXJjaF9ub3J0aCBjYXJvbGluYSwgdXNhSDNYBGhsiAEBmAExuAEKyAEF2AEB6AEB-AEDiAIBqAIDuALH1efDBsACAdICJDcwYjhlOWMzLThiZjEtNGViYS05OGZiLTU2MDgwMTViYmJjZdgCBeACAQ&ucfs=1&arphpl=1&checkin=2025-07-18&checkout=2025-07-18&group_adults=2&req_adults=2&no_rooms=1&group_children=0&req_children=0&hpos=13&hapos=13&sr_order=popularity&srpvid=ab302e2373dc05df&srepoch=1752820425&from=searchresults,Booking.com
"2BR, 2Bath condo Oceanfront Getaway with pool",North Carolina,USA,7.7,,,+1 336-588-6970,,https://account.booking.com/auth/oauth2?client_id=vO1Kblk7xX9tUn2cpZLS&redirect_uri=https%3A%2F%2Fsecure.booking.com%2Flogin.html%3Fop%3Doauth_return&response_type=code&lang=en-us&aid=304142&bkng_action=hotel&prompt=signin&state=Uv0ETUyrk_KFqDogAb1viG410OexK1xSArnsHrvimeMQOxuSw0s9hVTFVlxQqy0vZGWP515aGVVufwsZLaRHtzVR7xmIJzZtRJFvjHK56I8QJxtQH9QConO3IR7OwG0zR2uovtUP5aPq4AcnzW7rAoQ1upSAdBBlFffXhrwSYaH9VvH51sve5O-5H-yXt_4pOMOhAAZO91F5nRkM36y55bcjnrql0W0e7EUV-HJdvr_L2wyxA0vLfdFMSlox-JKKZpOae2mhDChMe50cdLjn-3yTFD3IWF6jXID-8TZU1sDkPrHqd1q5e93kuO-BS6dseKRGP3_i-zYP-WR9dmGBppf-vZ836EjH5kWCEusYrrvuCXqssoAa6lwXighZRURQpRMwj1LfIW1m1h0pkx06k6JEsdxQdXupTUpVqDZDVj5lNFHkIUtmSEbffzW6uOkPIgw3P6o9LV7Gy9cS8tfDc7ai4gJinIjOWjQFSC_UjyJmWxFC9Wgt_yW1fhTBCUfrwlpxj8nt8-KZDM2ZO3mirfmd0205x3x3FwbHv_aquVpQc6us_nnHgADWOUVcNF6zHxZfA2yJ54QEPnS-Zg8FP7QU6_7ceFzOpyyeXSPe8J9V6FkqbJlPvE3shj3FYzQNNmqFqEF6uFI-PGjcuOeCRU6WdmBtLntzO1QFAQjMBMNooFgRW20Npy-YGTyzbTl8bLfLZlI4MjCn1DRF6TanvF9ziUsXeFyOIl9Rg1ZzIP7pNMiFdUVTUnYHq5AUTztQMwjBCEofMXU6KImw90DVUZpSCvF_qMAy8nP2Q7pPzcFOWd8uBKtioLjleHN7JXHgk1quDanulePzaplinvVrtg%3D%3D*eyJpZCI6InRyYXZlbGxlcl9oZWFkZXIifQ%3D%3D,https://www.booking.com/hotel/us/oceanfront-getaway-with-pool.html?aid=304142&label=gen173nr-1FCAQoggJCGnNlYXJjaF9ub3J0aCBjYXJvbGluYSwgdXNhSDNYBGhsiAEBmAExuAEKyAEF2AEB6AEB-AEDiAIBqAIDuALH1efDBsACAdICJDcwYjhlOWMzLThiZjEtNGViYS05OGZiLTU2MDgwMTViYmJjZdgCBeACAQ&ucfs=1&arphpl=1&checkin=2025-07-18&checkout=2025-07-18&group_adults=2&req_adults=2&no_rooms=1&group_children=0&req_children=0&hpos=14&hapos=14&sr_order=popularity&srpvid=ab302e2373dc05df&srepoch=1752820425&from=searchresults,Booking.com
Bright and Sunny Condo with Stunning Oceanfront,North Carolina,USA,9,,,,,https://account.booking.com/auth/oauth2?client_id=vO1Kblk7xX9tUn2cpZLS&redirect_uri=https%3A%2F%2Fsecure.booking.com%2Flogin.html%3Fop%3Doauth_return&response_type=code&lang=en-us&aid=304142&bkng_action=hotel&prompt=signin&state=UooFTUyrk_KFqDo4IpP09luD-50kl75E_-AWUZhM3zbuuqCQd4DuBg-hjrXBGhwu20M8mb1EJBB-LPwIsOGkIzjCsqaoMgp7JJhLoDU2qM6TOUIrEgF7pfglXC96CJUdR1dC8XENwOPBkZJhkrxMmZnYjS0lZcwQIknCQc9n_MGzuBOxwH9lNWmoPjUBWhF3OlJFHWVPg0YCWDB9h-xUOuXLDqNNU3fwOgFeKKLIlfxrzS10ccsbTSuv9_w2tI1Olc4LzQbLQnuXdka2ApT7A5QvzmAZMGSYq33eGkDsPcAdK7IuJ_m2KoAryt8sdegPMsNbJQCc906SUH9bJrHNVRnMwvXLjmNS2ZLvbKpBhSXwnDN71Xf5LYOn-WEH08mxT4AhyWV-Jp9DN1pFZ7novsaQP_wht3S-89pdqWvwyS31cQHxi2C3A-fH1yvcnJyowRceP5C5S-BceehkQNl2KkWp_M9T8SXYbBj1VDhDQL2ylOKHTdNT464_A5ENkB-EWubz3u_IVCK2G7Lr2eq-8vjvpBO1Ptz0IYGsD7wY0rJm3XOK05TfgzFm7x4BVppc9qtdRFVdLmxyMcl_VgcWlHpATVrlhLSHJQ8mUH_H3fPsHH7tbDIIhK10ImWBi87zEfeUwP9NUGVhodjRm3c-v-0un63MLmhy3D-Qld91pv13-P1QJ32fHBh0-mJlunB0kVvot9Y4fnUF14ICNuUZkRz9JyLaDSYJjQ8hOjIKBYgb1fFetK1Sz0Cm0aDDE8JYgy0qthpgxkGophDLRY2Ljp8K1tLqPQZfjry2xREI_w6nTpY_rbVAV_3DhdO2xFcbiDPd_lXcg5wCPkXqoW0vgKtSq5DmlryNPHNCtQE%3D*eyJpZCI6InRyYXZlbGxlcl9oZWFkZXIifQ%3D%3D,https://www.booking.com/hotel/us/stunning-beach-view-condo-at-ocean-pier-3.html?aid=304142&label=gen173nr-1FCAQoggJCGnNlYXJjaF9ub3J0aCBjYXJvbGluYSwgdXNhSDNYBGhsiAEBmAExuAEKyAEF2AEB6AEB-AEDiAIBqAIDuALH1efDBsACAdICJDcwYjhlOWMzLThiZjEtNGViYS05OGZiLTU2MDgwMTViYmJjZdgCBeACAQ&ucfs=1&arphpl=1&checkin=2025-07-18&checkout=2025-07-18&group_adults=2&req_adults=2&no_rooms=1&group_children=0&req_children=0&hpos=15&hapos=15&sr_order=popularity&srpvid=ab302e2373dc05df&srepoch=1752820425&from=searchresults,Booking.com
Direct Ocean Front 3BR/2BA Dog Friendly,North Carolina,USA,9.1,,,,,https://account.booking.com/auth/oauth2?client_id=vO1Kblk7xX9tUn2cpZLS&redirect_uri=https%3A%2F%2Fsecure.booking.com%2Flogin.html%3Fop%3Doauth_return&response_type=code&lang=en-us&aid=304142&bkng_action=hotel&prompt=signin&state=UpsFTUyrk_KFqDoSUM1_DKgLSs1qgP6VLSuzTDq0Wgwwjgy9aVDBjK_zPRqQgLyFIrwH8BYxvRpx60PTzQbtTNEf7Nw2wy2klaP4yINZ7_iLXKNp2RZZSdLl8682jRBgJH8mBLrIhGXD2whfJCVaqsXXo13Oqo7uAIHl4UnGiZ1lpK5O7JGAn3Bvk_bbA0JRqpauOTqoDHjB_bPe8-BjcbXo4D5w1Nm_xGibDpSr1nLZLJ77ixpjCDd_Z1-Jq8CTosVd1ruM6pZbiqcPJxQ5YX5ZQQSAzKL9PZ1hLDrlB6eK04Rilz91vN_wrI3buPTKYlARdACx9-E6j0dYVwc5pDCJOiLu0wruTSUIZsp0GEvJnMJRQ8ROLkXxyA9Avncg1dkLuRFNv_5E_beuUeb0BVK3zjpBqf6o-Riid5w6xxCuQPIolFtXkUfQ7VIJ8DdJlNsH42nbkvL-C9JxMO2Fl4AFqmlcpw2X2uOfswGVsjhDHj7v8cJA8joJdokS5zZ5vr4xfSe5G_uP3gh0n1yvNDGoVegCABUYJgGdnMEG2PVb3Ko0TWJKjtyAGGP4vJQy6Dtl3v0m5XCDoRsVSbSDBgZgpAOk5opN0IqxtqoL_qQoT1gufISdn5I1qI-uT8dkiM5m4qc1G1OpP9L2QZ202Bcup5RDTttszJNBVZuCe5aTwwM4FiY-tUpdq9iJ9jhp4JEjShtQDm8s_M7wQoFKfRK8K2fQcrbZ8DyoUWj7oufak-fgKyyqa-uu23VxHiORxJDq1WCPph52n5cCzU16ghY3IVo9c13M7R6zh1vzKN--mCpbvIhqa0Y2NCqEMr_SSrJYIB1lMnnQIT8lDytCDl8mgm20rOezT0veFULtvh50lqxzlMklBrtUxWwrkw%3D%3D*eyJpZCI6InRyYXZlbGxlcl9oZWFkZXIifQ%3D%3D,https://www.booking.com/hotel/us/direct-ocean-front-3br-2ba-dog-friendly-north-myrtle-beach.html?aid=304142&label=gen173nr-1FCAQoggJCGnNlYXJjaF9ub3J0aCBjYXJvbGluYSwgdXNhSDNYBGhsiAEBmAExuAEKyAEF2AEB6AEB-AEDiAIBqAIDuALH1efDBsACAdICJDcwYjhlOWMzLThiZjEtNGViYS05OGZiLTU2MDgwMTViYmJjZdgCBeACAQ&ucfs=1&arphpl=1&checkin=2025-07-18&checkout=2025-07-18&group_adults=2&req_adults=2&no_rooms=1&group_children=0&req_children=0&hpos=16&hapos=16&sr_order=popularity&srpvid=ab302e2373dc05df&srepoch=1752820425&from=searchresults,Booking.com
Baymont by Wyndham North Myrtle Beach,North Carolina,USA,7.9,,,+1 843-249-2490,,https://account.booking.com/auth/oauth2?client_id=vO1Kblk7xX9tUn2cpZLS&redirect_uri=https%3A%2F%2Fsecure.booking.com%2Flogin.html%3Fop%3Doauth_return&response_type=code&lang=en-us&aid=304142&bkng_action=hotel&prompt=signin&state=UogFTUyrk_KFqDqAt9MH7E0lV_VQQDuVVA51Vtoj8pTDrjqsdHiAc0Brs-EAj0XVKMwMpmFDvdfuE6XYiStmijEMqk6ikbNHyghh-9Kyp3f8TVdL6EA8ob4Mx-p3yTk6gERArK8Y00bX4J5Z0t5EF5s7vAy6z2GX9kRTjDksNORAUCWE6NoSQJRupAxyLC88kxP6izBrbHOMXd4n6yVIsYTB5mUk_eL-U2fyRrcTP-vCDYrufHqr_xbf04134JdDDxuKS_Rc8zL7JN17ZGh7kP2zH-AgSXzNwPPS7Q2SrdzE5HgZbt6qJvuh_NhAbP7jmkOja0gNQCRPgN91_qrhdg1aowO7y-wc0DrugmGGi3bNoz4nvmKnxnr-DR0HYE0Do4DSYes6PnmvkeFJBzk169G0sbbLxoTfmk-gBOTF1eNXJxp5YB5KsfYQ7ULXJYBsTaNbxSsCoLaYtXNvh3rof-1YxYZrDimzlj7EQlOIpbV_0qVsSFbbZtkAXDk6EGuS5QkydRBEh6Bu6NP9lZuacdOTaaYTAP6w-sRXidxFboBXQ4vCWr90mE9S_6XywfP_kSmT6dQPnglxEmi2UpnTNgyoIJpliK58kBGUOm2mmcCyj4t4PwrB2rLtE2GaYBUCCtXXW_irPmvOUunAGbr9gT2j2JC8uHAP25tQQpQAAcbGF-hCdxcsSmkZjavL9TpuUhw8q--Kxk-ZJBSt0ideWBnriinZzbA4jJCDUMXSH4YH0JRClG2jJnvnmvonpd8f1mhucXns0o_Qc0G6j6LGRXJl2olg5F9AZ3sAxvGCfUSTGdEs5wU2KAm5iybWUI80cqDKC-Z26MkyLm8IVtrSmBTXEyjI2YpZsnBt*eyJpZCI6InRyYXZlbGxlcl9oZWFkZXIifQ%3D%3D,https://www.booking.com/hotel/us/hotel-us-seventeen-n-north-myrtle-beach.html?aid=304142&label=gen173nr-1FCAQoggJCGnNlYXJjaF9ub3J0aCBjYXJvbGluYSwgdXNhSDNYBGhsiAEBmAExuAEKyAEF2AEB6AEB-AEDiAIBqAIDuALH1efDBsACAdICJDcwYjhlOWMzLThiZjEtNGViYS05OGZiLTU2MDgwMTViYmJjZdgCBeACAQ&ucfs=1&arphpl=1&checkin=2025-07-18&checkout=2025-07-18&group_adults=2&req_adults=2&no_rooms=1&group_children=0&req_children=0&hpos=17&hapos=17&sr_order=popularity&srpvid=ab302e2373dc05df&srepoch=1752820425&from=searchresults,Booking.com
Arcadian One 10C,North Carolina,USA,,,,,,https://account.booking.com/auth/oauth2?client_id=vO1Kblk7xX9tUn2cpZLS&redirect_uri=https%3A%2F%2Fsecure.booking.com%2Flogin.html%3Fop%3Doauth_return&response_type=code&lang=en-us&aid=304142&bkng_action=hotel&prompt=signin&state=UvEETUyrk_KFqDpuI7eHO90On_R_G0UvMazo8kFdXFlv4cMKq7cGxxYh3r8vQsK_r2d0YVjBzDjckvVseNHgSY1FPd3_uGa9AMYhHelcl1qQvsvwQ6efQ3HWMuwfELVGEp3WbTsDFvNB6cMIqSc6CIjn-tq8o-toBTexR0w7Tx6Ou67Zky4gAoWcoWui8amCohSLdMn65zh6kshqNQkRtFuKTBH5_dr0zgQGOJFNYq9AXjJaD0WQCvPpaXQBlDjAifjTiPW3tFDy2tcewjxPI2AJCVhpM47anBizHuA2h2H24HIXSsr7vGWg326wbPtKrjOOEVyCCvk0DM73Mky9kaFyQsdyGiiEnMSkJD0GSImiQ8JWJuDrj3-VdTmEKOpCgEK5j3y7wxEhK1DtHmSSvjYtuLaVK-VX5V7irOMcbYnme3xurm_FWYAZBqDtS7nzNlH4jH7dXoz9RhYdIGH0J6JrHH2C2SRwevCpCMw9haxRxQgkLuoiJI2Azvjs5GllD6_cjOgRiW8Ty7FNGCDekgA0iMcW3yR3-WP0DVnDq4Vb7FVGHDmwildE3LQ1HmRz2pZE4DL7li_vs60dTM6xfRATi4c_Dh_hNGFMjD5AjjHjY8EisJDt8maG84Kmjf8PNzCzCm3xbhRTOMtGU7Uhtf9ckckIrqCpsM8R2BokNtDRVtmPYaRzSFl6isVhiXipE_7wmE7xvIhwu4eO3lidy8BuqgKeIOxZmeFqibaVqwCvf-QAeSAavecCtsTbY8KZAqBwYIT9KZRyVIA9waA5sKXnoZvlDUyIGJvARNxqk0gcKhy4KJh1zRLzEyy5VsKqfT6brQ%3D%3D*eyJpZCI6InRyYXZlbGxlcl9oZWFkZXIifQ%3D%3D,https://www.booking.com/hotel/us/10c-arcadian-one.html?aid=304142&label=gen173nr-1FCAQoggJCGnNlYXJjaF9ub3J0aCBjYXJvbGluYSwgdXNhSDNYBGhsiAEBmAExuAEKyAEF2AEB6AEB-AEDiAIBqAIDuALH1efDBsACAdICJDcwYjhlOWMzLThiZjEtNGViYS05OGZiLTU2MDgwMTViYmJjZdgCBeACAQ&ucfs=1&arphpl=1&checkin=2025-07-18&checkout=2025-07-18&group_adults=2&req_adults=2&no_rooms=1&group_children=0&req_children=0&hpos=18&hapos=18&sr_order=popularity&srpvid=ab302e2373dc05df&srepoch=1752820425&from=searchresults,Booking.com
Beach Cove Resort,North Carolina,USA,7.4,,,+1 843-286-5690,,https://account.booking.com/auth/oauth2?client_id=vO1Kblk7xX9tUn2cpZLS&redirect_uri=https%3A%2F%2Fsecure.booking.com%2Flogin.html%3Fop%3Doauth_return&response_type=code&lang=en-us&aid=304142&bkng_action=hotel&prompt=signin&state=UvIETUyrk_KFqDp_JRIsBHLGSKt69v76E5VcHJkEPAqjaRgCWKuxxdby8c3rO_ZRoSfSEmbCn5baTXBQVTTBpiJMO7p0G7pOCSH7a3KpRcCqVD3wG7ZQ6o6N_gDZXAmoW4Uft_upATO55Ss2bT3vqvtZQYhmoYEKgMCu4N-NjUUj9yAZrbrqkbgWsmaU0NF0tjQAwbV57H4idg_YJYBVSqeWHRmm66tDgkD38jwGUm9Lr5uWRSq1_nCM-o-xRC1-KGc1R2HCZ2jQN3qYG2M5xH3IZdNhccW4dg8aq3O_AFwauyWD5oG64-AwrWn8z_71GdzVGZddBNLwqxSs-ns-IUv2gtBMJhWsMCXLFpeMq6WqWMLQYOrbxApjv0LLYcD4LLYux5bh2YV_ii2mPVpwcGCj43S8BBleut5dis79tUdTyX0bNudGlUtL7DWTAjwDY8O3Do8NeuS18QmwO72Uu4qbP6V0BjNOFnljG_aMfeIfRtq2567m1zjTQQVLYih-UlQs6ldyEnv3Gh4T2VISZC1bLT_fA8jpxaRH8tcj3UQxk30vq3Pilr3N832E9FN2l4q3LNStYNdyaJcOo7Q8CsT0Xsm2hJPsyyVAqqxkE9HYDnozn-RQ29OUkcrK1bIsWEXuoPu5iao2PBgz7EcFCLqugYESD3umytRzx7C7WS88oB4IeQely7-jRQqFtyp1Z3-EOr02TWUbo6KnLy2G2g4wmFARsu7UoJoN6fn_RvOMnus2zPzJFmaOQB7ve4sYDT_yPJyCtOS0qRfU2A-OGWRv_ZOC5MZ7Zf5WfntvjC-l9OvTT3TLZF1NKYjTmXsY6tW5nEI%3D*eyJpZCI6InRyYXZlbGxlcl9oZWFkZXIifQ%3D%3D,https://www.booking.com/hotel/us/beach-cove-resort.html?aid=304142&label=gen173nr-1FCAQoggJCGnNlYXJjaF9ub3J0aCBjYXJvbGluYSwgdXNhSDNYBGhsiAEBmAExuAEKyAEF2AEB6AEB-AEDiAIBqAIDuALH1efDBsACAdICJDcwYjhlOWMzLThiZjEtNGViYS05OGZiLTU2MDgwMTViYmJjZdgCBeACAQ&ucfs=1&arphpl=1&checkin=2025-07-18&checkout=2025-07-18&group_adults=2&req_adults=2&no_rooms=1&group_children=0&req_children=0&hpos=19&hapos=19&sr_order=popularity&srpvid=ab302e2373dc05df&srepoch=1752820425&from=searchresults,Booking.com
Comfort Inn N Myrtle Beach Barefoot Landing,North Carolina,USA,7.2,,,+1 843-663-5100,,https://account.booking.com/auth/oauth2?client_id=vO1Kblk7xX9tUn2cpZLS&redirect_uri=https%3A%2F%2Fsecure.booking.com%2Flogin.html%3Fop%3Doauth_return&response_type=code&lang=en-us&aid=304142&bkng_action=hotel&prompt=signin&state=UvsETUyrk_KFqDoEDCdBArdfaL7msCZDXQtQiM-hu4ZiTiJCeky8Gf3tNmHV7Tzp0b4iQrPdupOXVf8Wv_hoPMQf-OwrJW3QCkVOhix3G8iSUVv8ipPC5fKpXjyVyWATdXjx8ZtqWdn824VbsmSDtfRGh8wSFYKXr69uc2wWrw6z1r_dGZV7JSOvArYeKAU42YHwOMV_8A30rlOH325ZzjFIo9jcEV1zc5ggIphtG0LIl4BH5-R1sdGd7L7JHttp-2fzeXlwlbUg6QvRvUsAFhihNoAp_haYrV32TcBMIkxRR5SN2hcwWqBuIjsMywmEQryRUpJYFVxGW81v25aAkwzgKhKUyi-tp0wRovM2EkEUUR-QETS7SOv62Mb2Xl5RB_1u47XEWKMYCTDjdlcFsSeo5XU6LoILYrBDrVWPJjyFG-gTX4mCG-gqvGehjqnGyx_cgAhylwiHVDLsc4zjb3i0bAUlYfmVLlt-DKrfyop91pcXh6pByxV7SdDIr6g6dellQM0li8eS0VEF2_TuoVoTW_kp-3D25n2MG_fkqn-7a6oaW46nFAPCZQP89xFXSgi1NsQX9YAF4Omgv0P84koqCoQPQ5TrThgWHgmWCgq8QiGLDZlZKZXTfSPlCbjTcLY3SD4bE8tRpYWkEDlMYVtmtEBSl3mBxRE15VzlRopqH-XdSgf8vzHqdaODRJtuJJCVmGcJhqmn395I3bxCXjbFtx71AAo4Ee7k7YJPIZd_ibKHioQeyfy6CPWbYAM6Xow3PMxvhbk3pQUH2knPtabxdpKzRzerYuQziVcE7SzmQY2XDt7qG1guj3DVNRWmH6PKqb_KrMhUkdRZqbs%3D*eyJpZCI6InRyYXZlbGxlcl9oZWFkZXIifQ%3D%3D,https://www.booking.com/hotel/us/super-8-north-myrtle-beach.html?aid=304142&label=gen173nr-1FCAQoggJCGnNlYXJjaF9ub3J0aCBjYXJvbGluYSwgdXNhSDNYBGhsiAEBmAExuAEKyAEF2AEB6AEB-AEDiAIBqAIDuALH1efDBsACAdICJDcwYjhlOWMzLThiZjEtNGViYS05OGZiLTU2MDgwMTViYmJjZdgCBeACAQ&ucfs=1&arphpl=1&checkin=2025-07-18&checkout=2025-07-18&group_adults=2&req_adults=2&no_rooms=1&group_children=0&req_children=0&hpos=20&hapos=20&sr_order=popularity&srpvid=ab302e2373dc05df&srepoch=1752820425&from=searchresults,Booking.com
